Keyword,Modifiers,Search Vol,CPC
air conditioner vs heat pump,alphabeticals/v,6.6K,$2.9
air conditioner vacuum pump,alphabeticals/v,8.1K,$0.73
air conditioner heater combo,alphabeticals/h,4.4K,$1.54
air conditioner home depot,alphabeticals/h,27.1K,$2.89
air conditioner heat pump,alphabeticals/h,12.1K,$5.64
air conditioner heater wall unit,alphabeticals/h,XX,X.XX
air conditioner heat,alphabeticals/h,XX,X.XX
air conditioner unit,alphabeticals/y,XX,X.XX
air conditioner unit cover,alphabeticals/y,XX,X.XX
air conditioner units for sale,alphabeticals/y,XX,X.XX
air conditioner uv light,alphabeticals/y,XX,X.XX
air conditioner unit for house,alphabeticals/y,XX,X.XX
air conditioner unit with heater,alphabeticals/y,XX,X.XX
air conditioner unit price,alphabeticals/y,XX,X.XX
air conditioner unit window,alphabeticals/y,XX,X.XX
air conditioner repair,alphabeticals/r,XX,X.XX
air conditioner repair near me,alphabeticals/r,XX,X.XX
air conditioner replacement cost,alphabeticals/r,XX,X.XX
air conditioner refrigerant,alphabeticals/r,XX,X.XX
air conditioner replacement,alphabeticals/r,XX,X.XX
air conditioner portable,alphabeticals/p,XX,X.XX
air conditioner parts,alphabeticals/p,XX,X.XX
air conditioner parts near me,alphabeticals/p,XX,X.XX
air conditioner unit,alphabeticals/u,XX,X.XX
air conditioner unit cover,alphabeticals/u,XX,X.XX
air conditioner units for sale,alphabeticals/u,XX,X.XX
air conditioner uv light,alphabeticals/u,XX,X.XX
air conditioner unit for house,alphabeticals/u,XX,X.XX
air conditioner unit with heater,alphabeticals/u,XX,X.XX
air conditioner unit price,alphabeticals/u,XX,X.XX
air conditioner unit window,alphabeticals/u,XX,X.XX
air conditioner unit not turning on,alphabeticals/u,XX,X.XX
air conditioner unit parts,alphabeticals/u,XX,X.XX
air conditioner cover,alphabeticals/x,XX,X.XX
air conditioner compressor,alphabeticals/x,XX,X.XX
air conditioner coil,alphabeticals/x,XX,X.XX
air conditioner cover outdoor,alphabeticals/x,XX,X.XX
air conditioner capacitor,alphabeticals/x,XX,X.XX
air conditioner cleaner,alphabeticals/x,XX,X.XX
air conditioner coil cleaner,alphabeticals/x,XX,X.XX
air conditioner companies,alphabeticals/x,XX,X.XX
air conditioner cover for winter,alphabeticals/x,XX,X.XX
air conditioner cooler,alphabeticals/x,XX,X.XX
air conditioner service,alphabeticals/s,XX,X.XX
air conditioner sale,alphabeticals/s,XX,X.XX
air conditioner service near me,alphabeticals/s,XX,X.XX
air conditioner supply near me,alphabeticals/s,XX,X.XX
air conditioner soft start,alphabeticals/s,XX,X.XX
air conditioner system,alphabeticals/s,XX,X.XX
air conditioner seer rating,alphabeticals/s,XX,X.XX
air conditioner smells musty,alphabeticals/s,XX,X.XX
air conditioner window,alphabeticals/w,XX,X.XX
air conditioner with heat,alphabeticals/w,XX,X.XX
air conditioner window unit,alphabeticals/w,XX,X.XX
air conditioner walmart,alphabeticals/w,XX,X.XX
air conditioner wall unit,alphabeticals/w,XX,X.XX
air conditioner with heater,alphabeticals/w,XX,X.XX
air conditioner wall,alphabeticals/w,XX,X.XX
air conditioner with heat pump,alphabeticals/w,XX,X.XX
air conditioner wall mounted,alphabeticals/w,XX,X.XX
air conditioner winter cover,alphabeticals/w,XX,X.XX
air conditioner without window,alphabeticals/w,XX,X.XX
air conditioner gauges,alphabeticals/g,XX,X.XX
air conditioner goodman,alphabeticals/g,XX,X.XX
air conditioner ge,alphabeticals/g,XX,X.XX
air conditioner leaking water,alphabeticals/l,XX,X.XX
air conditioner lowes,alphabeticals/l,XX,X.XX
air conditioner lg,alphabeticals/l,XX,X.XX
air conditioner lennox,alphabeticals/l,XX,X.XX
air conditioner leaking,alphabeticals/l,XX,X.XX
air conditioner outside unit,alphabeticals/o,XX,X.XX
air conditioner outlet,alphabeticals/o,XX,X.XX
air conditioner outside,alphabeticals/o,XX,X.XX
air conditioner on wall,alphabeticals/o,XX,X.XX
air conditioner outdoor cover,alphabeticals/o,XX,X.XX
air conditioner outside cover,alphabeticals/o,XX,X.XX
air conditioner thermostat,alphabeticals/t,XX,X.XX
air conditioner tune up,alphabeticals/t,XX,X.XX
air conditioner near me,alphabeticals/n,XX,X.XX
air conditioner not blowing cold air,alphabeticals/n,XX,X.XX
air conditioner not turning on,alphabeticals/n,XX,X.XX
air conditioner not working,alphabeticals/n,XX,X.XX
air conditioner no window,alphabeticals/n,XX,X.XX
air conditioner not cooling,alphabeticals/n,XX,X.XX
air conditioner maintenance,alphabeticals/m,XX,X.XX
air conditioner motor,alphabeticals/m,XX,X.XX
air conditioner mini split,alphabeticals/m,XX,X.XX
air conditioner maintenance near me,alphabeticals/m,XX,X.XX
air conditioner cover,alphabeticals/c,XX,X.XX
air conditioner compressor,alphabeticals/c,XX,X.XX
air conditioner coil,alphabeticals/c,XX,X.XX
air conditioner cover outdoor,alphabeticals/c,XX,X.XX
air conditioner capacitor,alphabeticals/c,XX,X.XX
air conditioner cleaner,alphabeticals/c,XX,X.XX
air conditioner coil cleaner,alphabeticals/c,XX,X.XX
air conditioner companies,alphabeticals/c,XX,X.XX
air conditioner cover for winter,alphabeticals/c,XX,X.XX
air conditioner cooler,alphabeticals/c,XX,X.XX
air conditioner installation,alphabeticals/i,XX,X.XX
air conditioner inventor,alphabeticals/i,XX,X.XX
air conditioner in car,alphabeticals/i,XX,X.XX
air conditioner in window,alphabeticals/i,XX,X.XX
air conditioner evaporator coil,alphabeticals/e,XX,X.XX
air conditioner expansion valve,alphabeticals/e,XX,X.XX
air conditioner electric,alphabeticals/e,XX,X.XX
air conditioner and heater unit,alphabeticals/a,XX,X.XX
air conditioner and heater window unit,alphabeticals/a,XX,X.XX
air conditioner air filters,alphabeticals/a,XX,X.XX
air conditioner and heater wall unit,alphabeticals/a,XX,X.XX
air conditioner at walmart,alphabeticals/a,XX,X.XX
air conditioner and heat pump,alphabeticals/a,XX,X.XX
air conditioner blower motor,alphabeticals/b,XX,X.XX
air conditioner blowing hot air,alphabeticals/b,XX,X.XX
air conditioner blowing warm air,alphabeticals/b,XX,X.XX
air conditioner duct,alphabeticals/d,XX,X.XX
air conditioner duct cleaning,alphabeticals/d,XX,X.XX
air conditioner ductless,alphabeticals/d,XX,X.XX
air conditioner filter,alphabeticals/f,XX,X.XX
air conditioner fan,alphabeticals/f,XX,X.XX
air conditioner for room,alphabeticals/f,XX,X.XX
air conditioner for garage,alphabeticals/f,XX,X.XX
air conditioner for sale,alphabeticals/f,XX,X.XX
air conditioner freon,alphabeticals/f,XX,X.XX
air conditioner for car,alphabeticals/f,XX,X.XX
air conditioner for sliding window,alphabeticals/f,XX,X.XX
air conditioner for bedroom,alphabeticals/f,XX,X.XX
air conditioner for small room,alphabeticals/f,XX,X.XX
air conditioner to heat pump,prepositions/to,XX,X.XX
air conditioner with heat,prepositions/with,XX,X.XX
air conditioner with heater,prepositions/with,XX,X.XX
air conditioner with heat pump,prepositions/with,XX,X.XX
air conditioner with heater wall unit,prepositions/with,XX,X.XX
air conditioner with heater window unit,prepositions/with,XX,X.XX
air conditioner without window,prepositions/without,XX,X.XX
air conditioner will not turn on,prepositions/can,XX,X.XX
air conditioner near me,prepositions/near,XX,X.XX
air conditioning near me,prepositions/near,XX,X.XX
air cond near me,prepositions/near,XX,X.XX
air conditioner repair near me,prepositions/near,XX,X.XX
air conditioner parts near me,prepositions/near,XX,X.XX
air conditioner installation near me,prepositions/near,XX,X.XX
air conditioner supply near me,prepositions/near,XX,X.XX
air conditioner is leaking,prepositions/is,XX,X.XX
air conditioner is leaking water,prepositions/is,XX,X.XX
air conditioner is not working,prepositions/is,XX,X.XX
air conditioner is not turning on,prepositions/is,XX,X.XX
air conditioner is not cooling,prepositions/is,XX,X.XX
air conditioner for room,prepositions/for,XX,X.XX
air conditioner for garage,prepositions/for,XX,X.XX
air conditioner for sale,prepositions/for,XX,X.XX
air conditioner for car,prepositions/for,XX,X.XX
air conditioner for sliding window,prepositions/for,XX,X.XX
air conditioner for bedroom,prepositions/for,XX,X.XX
air conditioner for small room,prepositions/for,XX,X.XX
air conditioner for apartment,prepositions/for,XX,X.XX
air conditioner for rv,prepositions/for,XX,X.XX
air conditioner for camper,prepositions/for,XX,X.XX
air conditioner for house,prepositions/for,XX,X.XX
air conditioner for camping,prepositions/for,XX,X.XX
air conditioner vs heat pump,comparisons/vs,XX,X.XX
air conditioner versus heat pump,comparisons/versus,XX,X.XX
air conditioner and heater unit,comparisons/and,XX,X.XX
air conditioner and heater window unit,comparisons/and,XX,X.XX
air conditioner and heater wall unit,comparisons/and,XX,X.XX
air conditioner and heat pump,comparisons/and,XX,X.XX
air conditioner and heater combo,comparisons/and,XX,X.XX
air conditioner and heating unit,comparisons/and,XX,X.XX
air conditioner and heat window unit,comparisons/and,XX,X.XX
air conditioner cover,related,XX,X.XX
air conditioner portable,related,XX,X.XX
air conditioner repair,related,XX,X.XX
air conditioner unit,related,XX,X.XX
air conditioner filter,related,XX,X.XX
air conditioner compressor,related,XX,X.XX
air conditioner repair near me,related,XX,X.XX
air conditioner window,related,XX,X.XX
air conditioner with heat,related,XX,X.XX
air conditioner inventor,related,XX,X.XX
when air conditioner invented,questions/when,XX,X.XX
